Workbook

Sheet Sheet1
A1: 2020 | B1: Total: | C1: Population of one race: | D1: White alone | E1: Black or African American alone | F1: American Indian and Alaska Native alone | G1: Asian alone | H1: Native Hawaiian and Other Pacific Islander alone | I1: Some Other Race alone | J1: Population of two or more races: | K1: Hispanic or Latino | L1: Not Hispanic or Latino: | M1: Not Hispanic or Latino: Population of one race: | N1: Not Hispanic or Latino: White alone | O1: Not Hispanic or Latino: Black or African American alone | P1: Not Hispanic or Latino: American Indian and Alaska Native alone | Q1: Not Hispanic or Latino: Asian alone | R1: Not Hispanic or Latino: Native Hawaiian and Other Pacific Islander alone | S1: Not Hispanic or Latino: Some Other Race alone | T1: Not Hispanic or Latino: Population of two or more races:
A2: Cumberland County | B2: 303069 | C2: 287623 | D2: 264408 | E2: 12120 | F2: 831 | G2: 7204 | H2: 98 | I2: 2962 | J2: 15446 | K2: 8011 | L2: 295058 | M2: 283161 | N2: 262137 | O2: 11925 | P2: 667 | Q2: 7167 | R2: 96 | S2: 1169 | T2: 11897
A3: York County | B3: 211972 | C3: 202164 | D3: 195326 | E3: 2098 | F3: 657 | G3: 2520 | H3: 61 | I3: 1502 | J3: 9808 | K3: 4097 | L3: 207875 | M3: 199860 | N3: 194044 | O3: 2009 | P3: 566 | Q3: 2502 | R3: 58 | S3: 681 | T3: 8015

Sheet Change
B1: Total: | C1: Hispanic or Latino | D1: Not Hispanic or Latino: | E1: Population of one race: | F1: White alone NH | G1: Black or African American alone NH | H1: American Indian and Alaska Native alone NH | I1: Asian alone NH | J1: Native Hawaiian and Other Pacific Islander alone NH | K1: Some Other Race alone NH | L1: Population of two or more races: NH
A2: Androscoggin County | B2: =Sheet1!#REF!-Sheet1!#REF! -> #REF! | C2: =Sheet1!K2-Sheet1!K21 -> 8011 | D2: =Sheet1!L2-Sheet1!L21 -> 295058 | E2: =Sheet1!M2-Sheet1!M21 -> 283161 | F2: =Sheet1!N2-Sheet1!N21 -> 262137 | G2: =Sheet1!O2-Sheet1!O21 -> 11925 | H2: =Sheet1!P2-Sheet1!P21 -> 667 | I2: =Sheet1!Q2-Sheet1!Q21 -> 7167 | J2: =Sheet1!R2-Sheet1!R21 -> 96 | ... L2: =Sheet1!T2-Sheet1!T21 -> 11897
A3: Aroostook County | B3: =Sheet1!#REF!-Sheet1!#REF! -> #REF! | C3: =Sheet1!K3-Sheet1!K22 -> 4097 | D3: =Sheet1!L3-Sheet1!L22 -> 207875 | E3: =Sheet1!M3-Sheet1!M22 -> 199860 | F3: =Sheet1!N3-Sheet1!N22 -> 194044 | G3: =Sheet1!O3-Sheet1!O22 -> 2009 | H3: =Sheet1!P3-Sheet1!P22 -> 566 | I3: =Sheet1!Q3-Sheet1!Q22 -> 2502 | J3: =Sheet1!R3-Sheet1!R22 -> 58 | ... L3: =Sheet1!T3-Sheet1!T22 -> 8015
A4: Cumberland County | B4: =Sheet1!#REF!-Sheet1!#REF! -> #REF! | C4: =Sheet1!K4-Sheet1!K23 -> 0 | D4: =Sheet1!L4-Sheet1!L23 -> 0 | E4: =Sheet1!M4-Sheet1!M23 -> 0 | F4: =Sheet1!N4-Sheet1!N23 -> 0 | G4: =Sheet1!O4-Sheet1!O23 -> 0 | H4: =Sheet1!P4-Sheet1!P23 -> 0 | I4: =Sheet1!Q4-Sheet1!Q23 -> 0 | J4: =Sheet1!R4-Sheet1!R23 -> 0 | ... L4: =Sheet1!T4-Sheet1!T23 -> 0
A5: Franklin County | B5: =Sheet1!#REF!-Sheet1!#REF! -> #REF! | C5: =Sheet1!K5-Sheet1!K24 -> 0 | D5: =Sheet1!L5-Sheet1!L24 -> 0 | E5: =Sheet1!M5-Sheet1!M24 -> 0 | F5: =Sheet1!N5-Sheet1!N24 -> 0 | G5: =Sheet1!O5-Sheet1!O24 -> 0 | H5: =Sheet1!P5-Sheet1!P24 -> 0 | I5: =Sheet1!Q5-Sheet1!Q24 -> 0 | J5: =Sheet1!R5-Sheet1!R24 -> 0 | ... L5: =Sheet1!T5-Sheet1!T24 -> 0
A6: Hancock County | B6: =Sheet1!#REF!-Sheet1!#REF! -> #REF! | C6: =Sheet1!K6-Sheet1!K25 -> 0 | D6: =Sheet1!L6-Sheet1!L25 -> 0 | E6: =Sheet1!M6-Sheet1!M25 -> 0 | F6: =Sheet1!N6-Sheet1!N25 -> 0 | G6: =Sheet1!O6-Sheet1!O25 -> 0 | H6: =Sheet1!P6-Sheet1!P25 -> 0 | I6: =Sheet1!Q6-Sheet1!Q25 -> 0 | J6: =Sheet1!R6-Sheet1!R25 -> 0 | ... L6: =Sheet1!T6-Sheet1!T25 -> 0
A7: Kennebec County | B7: =Sheet1!#REF!-Sheet1!#REF! -> #REF! | C7: =Sheet1!K7-Sheet1!K26 -> 0 | D7: =Sheet1!L7-Sheet1!L26 -> 0 | E7: =Sheet1!M7-Sheet1!M26 -> 0 | F7: =Sheet1!N7-Sheet1!N26 -> 0 | G7: =Sheet1!O7-Sheet1!O26 -> 0 | H7: =Sheet1!P7-Sheet1!P26 -> 0 | I7: =Sheet1!Q7-Sheet1!Q26 -> 0 | J7: =Sheet1!R7-Sheet1!R26 -> 0 | ... L7: =Sheet1!T7-Sheet1!T26 -> 0
A8: Knox County | B8: =Sheet1!#REF!-Sheet1!#REF! -> #REF! | C8: =Sheet1!K8-Sheet1!K27 -> 0 | D8: =Sheet1!L8-Sheet1!L27 -> 0 | E8: =Sheet1!M8-Sheet1!M27 -> 0 | F8: =Sheet1!N8-Sheet1!N27 -> 0 | G8: =Sheet1!O8-Sheet1!O27 -> 0 | H8: =Sheet1!P8-Sheet1!P27 -> 0 | I8: =Sheet1!Q8-Sheet1!Q27 -> 0 | J8: =Sheet1!R8-Sheet1!R27 -> 0 | ... L8: =Sheet1!T8-Sheet1!T27 -> 0
A9: Lincoln County | B9: =Sheet1!#REF!-Sheet1!#REF! -> #REF! | C9: =Sheet1!K9-Sheet1!K28 -> 0 | D9: =Sheet1!L9-Sheet1!L28 -> 0 | E9: =Sheet1!M9-Sheet1!M28 -> 0 | F9: =Sheet1!N9-Sheet1!N28 -> 0 | G9: =Sheet1!O9-Sheet1!O28 -> 0 | H9: =Sheet1!P9-Sheet1!P28 -> 0 | I9: =Sheet1!Q9-Sheet1!Q28 -> 0 | J9: =Sheet1!R9-Sheet1!R28 -> 0 | ... L9: =Sheet1!T9-Sheet1!T28 -> 0
A10: Oxford County | B10: =Sheet1!#REF!-Sheet1!#REF! -> #REF! | C10: =Sheet1!K10-Sheet1!K29 -> 0 | D10: =Sheet1!L10-Sheet1!L29 -> 0 | E10: =Sheet1!M10-Sheet1!M29 -> 0 | F10: =Sheet1!N10-Sheet1!N29 -> 0 | G10: =Sheet1!O10-Sheet1!O29 -> 0 | H10: =Sheet1!P10-Sheet1!P29 -> 0 | I10: =Sheet1!Q10-Sheet1!Q29 -> 0 | J10: =Sheet1!R10-Sheet1!R29 -> 0 | ... L10: =Sheet1!T10-Sheet1!T29 -> 0
A11: Penobscot County | B11: =Sheet1!#REF!-Sheet1!#REF! -> #REF! | C11: =Sheet1!K11-Sheet1!K30 -> 0 | D11: =Sheet1!L11-Sheet1!L30 -> 0 | E11: =Sheet1!M11-Sheet1!M30 -> 0 | F11: =Sheet1!N11-Sheet1!N30 -> 0 | G11: =Sheet1!O11-Sheet1!O30 -> 0 | H11: =Sheet1!P11-Sheet1!P30 -> 0 | I11: =Sheet1!Q11-Sheet1!Q30 -> 0 | J11: =Sheet1!R11-Sheet1!R30 -> 0 | ... L11: =Sheet1!T11-Sheet1!T30 -> 0
A12: Piscataquis County | B12: =Sheet1!#REF!-Sheet1!#REF! -> #REF! | C12: =Sheet1!K12-Sheet1!K31 -> 0 | D12: =Sheet1!L12-Sheet1!L31 -> 0 | E12: =Sheet1!M12-Sheet1!M31 -> 0 | F12: =Sheet1!N12-Sheet1!N31 -> 0 | G12: =Sheet1!O12-Sheet1!O31 -> 0 | H12: =Sheet1!P12-Sheet1!P31 -> 0 | I12: =Sheet1!Q12-Sheet1!Q31 -> 0 | J12: =Sheet1!R12-Sheet1!R31 -> 0 | ... L12: =Sheet1!T12-Sheet1!T31 -> 0
A13: Sagadahoc County | B13: =Sheet1!#REF!-Sheet1!#REF! -> #REF! | C13: =Sheet1!K13-Sheet1!K32 -> 0 | D13: =Sheet1!L13-Sheet1!L32 -> 0 | E13: =Sheet1!M13-Sheet1!M32 -> 0 | F13: =Sheet1!N13-Sheet1!N32 -> 0 | G13: =Sheet1!O13-Sheet1!O32 -> 0 | H13: =Sheet1!P13-Sheet1!P32 -> 0 | I13: =Sheet1!Q13-Sheet1!Q32 -> 0 | J13: =Sheet1!R13-Sheet1!R32 -> 0 | ... L13: =Sheet1!T13-Sheet1!T32 -> 0
... A17: York County | B17: =Sheet1!#REF!-Sheet1!#REF! -> #REF! | C17: =Sheet1!K17-Sheet1!K36 -> 0 | D17: =Sheet1!L17-Sheet1!L36 -> 0 | E17: =Sheet1!M17-Sheet1!M36 -> 0 | F17: =Sheet1!N17-Sheet1!N36 -> 0 | G17: =Sheet1!O17-Sheet1!O36 -> 0 | H17: =Sheet1!P17-Sheet1!P36 -> 0 | I17: =Sheet1!Q17-Sheet1!Q36 -> 0 | J17: =Sheet1!R17-Sheet1!R36 -> 0 | ... L17: =Sheet1!T17-Sheet1!T36 -> 0
B20: Total: | C20: Hispanic or Latino | D20: Not Hispanic or Latino: | E20: Population of one race: | F20: White alone NH | G20: Black or African American alone NH | H20: American Indian and Alaska Native alone NH | I20: Asian alone NH | J20: Native Hawaiian and Other Pacific Islander alone NH | K20: Some Other Race alone NH | L20: Population of two or more races: NH
A21: Androscoggin County | B21: =Sheet1!B2/Sheet1!B21-1 -> #DIV/0! | C21: =Sheet1!C2/Sheet1!C21-1 -> #DIV/0! | D21: =Sheet1!D2/Sheet1!D21-1 -> #DIV/0! | E21: =Sheet1!E2/Sheet1!E21-1 -> #DIV/0! | F21: =Sheet1!F2/Sheet1!F21-1 -> #DIV/0! | G21: =Sheet1!G2/Sheet1!G21-1 -> #DIV/0! | H21: =Sheet1!H2/Sheet1!H21-1 -> #DIV/0! | I21: =Sheet1!I2/Sheet1!I21-1 -> #DIV/0! | J21: =Sheet1!J2/Sheet1!J21-1 -> #DIV/0! | K21: =Sheet1!#REF!/Sheet1!#REF!-1 -> #REF! | L21: =Sheet1!K2/Sheet1!K21-1 -> #DIV/0!
A22: Aroostook County | B22: =Sheet1!B3/Sheet1!B22-1 -> #DIV/0! | C22: =Sheet1!C3/Sheet1!C22-1 -> #DIV/0! | D22: =Sheet1!D3/Sheet1!D22-1 -> #DIV/0! | E22: =Sheet1!E3/Sheet1!E22-1 -> #DIV/0! | F22: =Sheet1!F3/Sheet1!F22-1 -> #DIV/0! | G22: =Sheet1!G3/Sheet1!G22-1 -> #DIV/0! | H22: =Sheet1!H3/Sheet1!H22-1 -> #DIV/0! | I22: =Sheet1!I3/Sheet1!I22-1 -> #DIV/0! | J22: =Sheet1!J3/Sheet1!J22-1 -> #DIV/0! | K22: =Sheet1!#REF!/Sheet1!#REF!-1 -> #REF! | L22: =Sheet1!K3/Sheet1!K22-1 -> #DIV/0!
A23: Cumberland County | B23: =Sheet1!B4/Sheet1!B23-1 -> #DIV/0! | C23: =Sheet1!C4/Sheet1!C23-1 -> #DIV/0! | D23: =Sheet1!D4/Sheet1!D23-1 -> #DIV/0! | E23: =Sheet1!E4/Sheet1!E23-1 -> #DIV/0! | F23: =Sheet1!F4/Sheet1!F23-1 -> #DIV/0! | G23: =Sheet1!G4/Sheet1!G23-1 -> #DIV/0! | H23: =Sheet1!H4/Sheet1!H23-1 -> #DIV/0! | I23: =Sheet1!I4/Sheet1!I23-1 -> #DIV/0! | J23: =Sheet1!J4/Sheet1!J23-1 -> #DIV/0! | K23: =Sheet1!#REF!/Sheet1!#REF!-1 -> #REF! | L23: =Sheet1!K4/Sheet1!K23-1 -> #DIV/0!
A24: Franklin County | B24: =Sheet1!B5/Sheet1!B24-1 -> #DIV/0! | C24: =Sheet1!C5/Sheet1!C24-1 -> #DIV/0! | D24: =Sheet1!D5/Sheet1!D24-1 -> #DIV/0! | E24: =Sheet1!E5/Sheet1!E24-1 -> #DIV/0! | F24: =Sheet1!F5/Sheet1!F24-1 -> #DIV/0! | G24: =Sheet1!G5/Sheet1!G24-1 -> #DIV/0! | H24: =Sheet1!H5/Sheet1!H24-1 -> #DIV/0! | I24: =Sheet1!I5/Sheet1!I24-1 -> #DIV/0! | J24: =Sheet1!J5/Sheet1!J24-1 -> #DIV/0! | K24: =Sheet1!#REF!/Sheet1!#REF!-1 -> #REF! | L24: =Sheet1!K5/Sheet1!K24-1 -> #DIV/0!
A25: Hancock County | B25: =Sheet1!B6/Sheet1!B25-1 -> #DIV/0! | C25: =Sheet1!C6/Sheet1!C25-1 -> #DIV/0! | D25: =Sheet1!D6/Sheet1!D25-1 -> #DIV/0! | E25: =Sheet1!E6/Sheet1!E25-1 -> #DIV/0! | F25: =Sheet1!F6/Sheet1!F25-1 -> #DIV/0! | G25: =Sheet1!G6/Sheet1!G25-1 -> #DIV/0! | H25: =Sheet1!H6/Sheet1!H25-1 -> #DIV/0! | I25: =Sheet1!I6/Sheet1!I25-1 -> #DIV/0! | J25: =Sheet1!J6/Sheet1!J25-1 -> #DIV/0! | K25: =Sheet1!#REF!/Sheet1!#REF!-1 -> #REF! | L25: =Sheet1!K6/Sheet1!K25-1 -> #DIV/0!
A26: Kennebec County | B26: =Sheet1!B7/Sheet1!B26-1 -> #DIV/0! | C26: =Sheet1!C7/Sheet1!C26-1 -> #DIV/0! | D26: =Sheet1!D7/Sheet1!D26-1 -> #DIV/0! | E26: =Sheet1!E7/Sheet1!E26-1 -> #DIV/0! | F26: =Sheet1!F7/Sheet1!F26-1 -> #DIV/0! | G26: =Sheet1!G7/Sheet1!G26-1 -> #DIV/0! | H26: =Sheet1!H7/Sheet1!H26-1 -> #DIV/0! | I26: =Sheet1!I7/Sheet1!I26-1 -> #DIV/0! | J26: =Sheet1!J7/Sheet1!J26-1 -> #DIV/0! | K26: =Sheet1!#REF!/Sheet1!#REF!-1 -> #REF! | L26: =Sheet1!K7/Sheet1!K26-1 -> #DIV/0!
A27: Knox County | B27: =Sheet1!B8/Sheet1!B27-1 -> #DIV/0! | C27: =Sheet1!C8/Sheet1!C27-1 -> #DIV/0! | D27: =Sheet1!D8/Sheet1!D27-1 -> #DIV/0! | E27: =Sheet1!E8/Sheet1!E27-1 -> #DIV/0! | F27: =Sheet1!F8/Sheet1!F27-1 -> #DIV/0! | G27: =Sheet1!G8/Sheet1!G27-1 -> #DIV/0! | H27: =Sheet1!H8/Sheet1!H27-1 -> #DIV/0! | I27: =Sheet1!I8/Sheet1!I27-1 -> #DIV/0! | J27: =Sheet1!J8/Sheet1!J27-1 -> #DIV/0! | K27: =Sheet1!#REF!/Sheet1!#REF!-1 -> #REF! | L27: =Sheet1!K8/Sheet1!K27-1 -> #DIV/0!
A28: Lincoln County | B28: =Sheet1!B9/Sheet1!B28-1 -> #DIV/0! | C28: =Sheet1!C9/Sheet1!C28-1 -> #DIV/0! | D28: =Sheet1!D9/Sheet1!D28-1 -> #DIV/0! | E28: =Sheet1!E9/Sheet1!E28-1 -> #DIV/0! | F28: =Sheet1!F9/Sheet1!F28-1 -> #DIV/0! | G28: =Sheet1!G9/Sheet1!G28-1 -> #DIV/0! | H28: =Sheet1!H9/Sheet1!H28-1 -> #DIV/0! | I28: =Sheet1!I9/Sheet1!I28-1 -> #DIV/0! | J28: =Sheet1!J9/Sheet1!J28-1 -> #DIV/0! | K28: =Sheet1!#REF!/Sheet1!#REF!-1 -> #REF! | L28: =Sheet1!K9/Sheet1!K28-1 -> #DIV/0!
A29: Oxford County | B29: =Sheet1!B10/Sheet1!B29-1 -> #DIV/0! | C29: =Sheet1!C10/Sheet1!C29-1 -> #DIV/0! | D29: =Sheet1!D10/Sheet1!D29-1 -> #DIV/0! | E29: =Sheet1!E10/Sheet1!E29-1 -> #DIV/0! | F29: =Sheet1!F10/Sheet1!F29-1 -> #DIV/0! | G29: =Sheet1!G10/Sheet1!G29-1 -> #DIV/0! | H29: =Sheet1!H10/Sheet1!H29-1 -> #DIV/0! | I29: =Sheet1!I10/Sheet1!I29-1 -> #DIV/0! | J29: =Sheet1!J10/Sheet1!J29-1 -> #DIV/0! | K29: =Sheet1!#REF!/Sheet1!#REF!-1 -> #REF! | L29: =Sheet1!K10/Sheet1!K29-1 -> #DIV/0!
A30: Penobscot County | B30: =Sheet1!B11/Sheet1!B30-1 -> #DIV/0! | C30: =Sheet1!C11/Sheet1!C30-1 -> #DIV/0! | D30: =Sheet1!D11/Sheet1!D30-1 -> #DIV/0! | E30: =Sheet1!E11/Sheet1!E30-1 -> #DIV/0! | F30: =Sheet1!F11/Sheet1!F30-1 -> #DIV/0! | G30: =Sheet1!G11/Sheet1!G30-1 -> #DIV/0! | H30: =Sheet1!H11/Sheet1!H30-1 -> #DIV/0! | I30: =Sheet1!I11/Sheet1!I30-1 -> #DIV/0! | J30: =Sheet1!J11/Sheet1!J30-1 -> #DIV/0! | K30: =Sheet1!#REF!/Sheet1!#REF!-1 -> #REF! | L30: =Sheet1!K11/Sheet1!K30-1 -> #DIV/0!
A31: Piscataquis County | B31: =Sheet1!B12/Sheet1!B31-1 -> #DIV/0! | C31: =Sheet1!C12/Sheet1!C31-1 -> #DIV/0! | D31: =Sheet1!D12/Sheet1!D31-1 -> #DIV/0! | E31: =Sheet1!E12/Sheet1!E31-1 -> #DIV/0! | F31: =Sheet1!F12/Sheet1!F31-1 -> #DIV/0! | G31: =Sheet1!G12/Sheet1!G31-1 -> #DIV/0! | H31: =Sheet1!H12/Sheet1!H31-1 -> #DIV/0! | I31: =Sheet1!I12/Sheet1!I31-1 -> #DIV/0! | J31: =Sheet1!J12/Sheet1!J31-1 -> #DIV/0! | K31: =Sheet1!#REF!/Sheet1!#REF!-1 -> #REF! | L31: =Sheet1!K12/Sheet1!K31-1 -> #DIV/0!
A32: Sagadahoc County | B32: =Sheet1!B13/Sheet1!B32-1 -> #DIV/0! | C32: =Sheet1!C13/Sheet1!C32-1 -> #DIV/0! | D32: =Sheet1!D13/Sheet1!D32-1 -> #DIV/0! | E32: =Sheet1!E13/Sheet1!E32-1 -> #DIV/0! | F32: =Sheet1!F13/Sheet1!F32-1 -> #DIV/0! | G32: =Sheet1!G13/Sheet1!G32-1 -> #DIV/0! | H32: =Sheet1!H13/Sheet1!H32-1 -> #DIV/0! | I32: =Sheet1!I13/Sheet1!I32-1 -> #DIV/0! | J32: =Sheet1!J13/Sheet1!J32-1 -> #DIV/0! | K32: =Sheet1!#REF!/Sheet1!#REF!-1 -> #REF! | L32: =Sheet1!K13/Sheet1!K32-1 -> #DIV/0!
... A36: York County | B36: =Sheet1!B17/Sheet1!B36-1 -> #DIV/0! | C36: =Sheet1!C17/Sheet1!C36-1 -> #DIV/0! | D36: =Sheet1!D17/Sheet1!D36-1 -> #DIV/0! | E36: =Sheet1!E17/Sheet1!E36-1 -> #DIV/0! | F36: =Sheet1!F17/Sheet1!F36-1 -> #DIV/0! | G36: =Sheet1!G17/Sheet1!G36-1 -> #DIV/0! | H36: =Sheet1!H17/Sheet1!H36-1 -> #DIV/0! | I36: =Sheet1!I17/Sheet1!I36-1 -> #DIV/0! | J36: =Sheet1!J17/Sheet1!J36-1 -> #DIV/0! | K36: =Sheet1!#REF!/Sheet1!#REF!-1 -> #REF! | L36: =Sheet1!K17/Sheet1!K36-1 -> #DIV/0!
